patient_id,readmitted_30d
TE02169,0.125857
TE01588,0.125857
TE02330,0.125857
TE00468,0.125857
TE01146,0.125857
TE01516,0.125857
TE00739,0.125857
TE00816,0.125857
TE01607,0.125857
TE01748,0.125857
TE00517,0.125857
TE01597,0.125857
TE02323,0.125857
TE01592,0.125857
TE00715,0.125857
TE00079,0.125857
TE00158,0.125857
TE02726,0.125857
TE01865,0.125857
TE02856,0.125857
TE00154,0.125857
TE00431,0.125857
TE01761,0.125857
TE00352,0.125857
TE00427,0.125857
TE00938,0.125857
TE02391,0.125857
TE00553,0.125857
TE01093,0.125857
TE00453,0.125857
TE00138,0.125857
TE00599,0.125857
TE01964,0.125857
TE02288,0.125857
TE01491,0.125857
TE02765,0.125857
TE01476,0.125857
TE02120,0.125857
TE00939,0.125857
TE02285,0.125857
TE00565,0.125857
TE01608,0.125857
TE01404,0.125857
TE00479,0.125857
TE02874,0.125857
TE00897,0.125857
TE00789,0.125857
TE02911,0.125857
TE01606,0.125857
TE02344,0.125857
TE02637,0.125857
TE02908,0.125857
TE01505,0.125857
TE02389,0.125857
TE02218,0.125857
TE02639,0.125857
TE00807,0.125857
TE00798,0.125857
TE02360,0.125857
TE02969,0.125857
TE02028,0.125857
TE01162,0.125857
TE02393,0.125857
TE02079,0.125857
TE00566,0.125857
TE02380,0.125857
TE01252,0.125857
TE01009,0.125857
TE01992,0.125857
TE00120,0.125857
TE02736,0.125857
TE01217,0.125857
TE00735,0.125857
TE00853,0.125857
TE00507,0.125857
TE00324,0.125857
TE00982,0.125857
TE00570,0.125857
TE00922,0.125857
TE01283,0.125857
TE00528,0.125857
TE01147,0.125857
TE02632,0.125857
TE01463,0.125857
TE02904,0.125857
TE01370,0.125857
TE02387,0.125857
TE00979,0.125857
TE01408,0.125857
TE02575,0.125857
TE00438,0.125857
TE01957,0.125857
TE00056,0.125857
TE00560,0.125857
TE00756,0.125857
TE01209,0.125857
TE02597,0.125857
TE01054,0.125857
TE02845,0.125857
TE01853,0.125857
TE00880,0.125857
TE02857,0.125857
TE02548,0.125857
TE01561,0.125857
TE01123,0.125857
TE00187,0.125857
TE00206,0.125857
TE02624,0.125857
TE01932,0.125857
TE01623,0.125857
TE02572,0.125857
TE02384,0.125857
TE00089,0.125857
TE00024,0.125857
TE00843,0.125857
TE02494,0.125857
TE02267,0.125857
TE02650,0.125857
TE01839,0.125857
TE02063,0.125857
TE02685,0.125857
TE01544,0.125857
TE00288,0.125857
TE02185,0.125857
TE02669,0.125857
TE01781,0.125857
TE00608,0.125857
TE02042,0.125857
TE00870,0.125857
TE00122,0.125857
TE02474,0.125857
TE01875,0.125857
TE00129,0.125857
TE01490,0.125857
TE02465,0.125857
TE02705,0.125857
TE02147,0.125857
TE00420,0.125857
TE00728,0.125857
TE02680,0.125857
TE00174,0.125857
TE00841,0.125857
TE01415,0.125857
TE00910,0.125857
TE00258,0.125857
TE00974,0.125857
TE01792,0.125857
TE02396,0.125857
TE00619,0.125857
TE00929,0.125857
TE02451,0.125857
TE02630,0.125857
TE00126,0.125857
TE00639,0.125857
TE00161,0.125857
TE02469,0.125857
TE01472,0.125857
TE00242,0.125857
TE02365,0.125857
TE01495,0.125857
TE02884,0.125857
TE00572,0.125857
TE02128,0.125857
TE00099,0.125857
TE00959,0.125857
TE00997,0.125857
TE00665,0.125857
TE00281,0.125857
TE01483,0.125857
TE02203,0.125857
TE02769,0.125857
TE00913,0.125857
TE01293,0.125857
TE01275,0.125857
TE02037,0.125857
TE00234,0.125857
TE01206,0.125857
TE02105,0.125857
TE02221,0.125857
TE01372,0.125857
TE01068,0.125857
TE00066,0.125857
TE01051,0.125857
TE01789,0.125857
TE00076,0.125857
TE02109,0.125857
TE02178,0.125857
TE01977,0.125857
TE02734,0.125857
TE02072,0.125857
TE02591,0.125857
TE02318,0.125857
TE00900,0.125857
TE00804,0.125857
TE01079,0.125857
TE02782,0.125857
TE00631,0.125857
TE00041,0.125857
TE02959,0.125857
TE01526,0.125857
TE01382,0.125857
TE01842,0.125857
TE01954,0.125857
TE01709,0.125857
TE00626,0.125857
TE00719,0.125857
TE02725,0.125857
TE01603,0.125857
TE02608,0.125857
TE02030,0.125857
TE01877,0.125857
TE02182,0.125857
TE01589,0.125857
TE01330,0.125857
TE02755,0.125857
TE00366,0.125857
TE02434,0.125857
TE00302,0.125857
TE01326,0.125857
TE01022,0.125857
TE02315,0.125857
TE02604,0.125857
TE02777,0.125857
TE02771,0.125857
TE02913,0.125857
TE01109,0.125857
TE01289,0.125857
TE02464,0.125857
TE02967,0.125857
TE00613,0.125857
TE02282,0.125857
TE02818,0.125857
TE01695,0.125857
TE02750,0.125857
TE02419,0.125857
TE01263,0.125857
TE00510,0.125857
TE02341,0.125857
TE00320,0.125857
TE00180,0.125857
TE01207,0.125857
TE02602,0.125857
TE00488,0.125857
TE02544,0.125857
TE02791,0.125857
TE01931,0.125857
TE01807,0.125857
TE00785,0.125857
TE01195,0.125857
TE02945,0.125857
TE00727,0.125857
TE01900,0.125857
TE01447,0.125857
TE00449,0.125857
TE01681,0.125857
TE01145,0.125857
TE00074,0.125857
TE00118,0.125857
TE01310,0.125857
TE02489,0.125857
TE01320,0.125857
TE00541,0.125857
TE01156,0.125857
TE01050,0.125857
TE02854,0.125857
TE00489,0.125857
TE02767,0.125857
TE02657,0.125857
TE00640,0.125857
TE00656,0.125857
TE02877,0.125857
TE01075,0.125857
TE01521,0.125857
TE01680,0.125857
TE01191,0.125857
TE02951,0.125857
TE01155,0.125857
TE00680,0.125857
TE01414,0.125857
TE01934,0.125857
TE02653,0.125857
TE02556,0.125857
TE01663,0.125857
TE01180,0.125857
TE02848,0.125857
TE00617,0.125857
TE02003,0.125857
TE01255,0.125857
TE02579,0.125857
TE02236,0.125857
TE01572,0.125857
TE02998,0.125857
TE01962,0.125857
TE01201,0.125857
TE01728,0.125857
TE00050,0.125857
TE01793,0.125857
TE02595,0.125857
TE01978,0.125857
TE01427,0.125857
TE00227,0.125857
TE02053,0.125857
TE02557,0.125857
TE02834,0.125857
TE02694,0.125857
TE01019,0.125857
TE00458,0.125857
TE02226,0.125857
TE01806,0.125857
TE02610,0.125857
TE01489,0.125857
TE01226,0.125857
TE01465,0.125857
TE01857,0.125857
TE01671,0.125857
TE00351,0.125857
TE02290,0.125857
TE01956,0.125857
TE00630,0.125857
TE00396,0.125857
TE02413,0.125857
TE01847,0.125857
TE02603,0.125857
TE00515,0.125857
TE02900,0.125857
TE00277,0.125857
TE01232,0.125857
TE01771,0.125857
TE00333,0.125857
TE01564,0.125857
TE00602,0.125857
TE01122,0.125857
TE00402,0.125857
TE02111,0.125857
TE01165,0.125857
TE02005,0.125857
TE02187,0.125857
TE02014,0.125857
TE01315,0.125857
TE02915,0.125857
TE02679,0.125857
TE01040,0.125857
TE00594,0.125857
TE00659,0.125857
TE01071,0.125857
TE00906,0.125857
TE01718,0.125857
TE01428,0.125857
TE00373,0.125857
TE02281,0.125857
TE02709,0.125857
TE00171,0.125857
TE01023,0.125857
TE02498,0.125857
TE00044,0.125857
TE01268,0.125857
TE02126,0.125857
TE02265,0.125857
TE00655,0.125857
TE02873,0.125857
TE00765,0.125857
TE00670,0.125857
TE02743,0.125857
TE00232,0.125857
TE01006,0.125857
TE00400,0.125857
TE02123,0.125857
TE00312,0.125857
TE01280,0.125857
TE02248,0.125857
TE02588,0.125857
TE02403,0.125857
TE02198,0.125857
TE01278,0.125857
TE01556,0.125857
TE01553,0.125857
TE00892,0.125857
TE01636,0.125857
TE01904,0.125857
TE02373,0.125857
TE00178,0.125857
TE00879,0.125857
TE00318,0.125857
TE02587,0.125857
TE02514,0.125857
TE00124,0.125857
TE02901,0.125857
TE01396,0.125857
TE02134,0.125857
TE00780,0.125857
TE01520,0.125857
TE01780,0.125857
TE00052,0.125857
TE00098,0.125857
TE00337,0.125857
TE01863,0.125857
TE02920,0.125857
TE01757,0.125857
TE01967,0.125857
TE02763,0.125857
TE02196,0.125857
TE00133,0.125857
TE01639,0.125857
TE00751,0.125857
TE00466,0.125857
TE01322,0.125857
TE00519,0.125857
TE02939,0.125857
TE00456,0.125857
TE01880,0.125857
TE02069,0.125857
TE01702,0.125857
TE02487,0.125857
TE02065,0.125857
TE00062,0.125857
TE00162,0.125857
TE00797,0.125857
TE00105,0.125857
TE02878,0.125857
TE02828,0.125857
TE00092,0.125857
TE02916,0.125857
TE02840,0.125857
TE02418,0.125857
TE01399,0.125857
TE00658,0.125857
TE01627,0.125857
TE00737,0.125857
TE01487,0.125857
TE02372,0.125857
TE01547,0.125857
TE01888,0.125857
TE02825,0.125857
TE02831,0.125857
TE02334,0.125857
TE00323,0.125857
TE00165,0.125857
TE02457,0.125857
TE00963,0.125857
TE01405,0.125857
TE02795,0.125857
TE00442,0.125857
TE02855,0.125857
TE01091,0.125857
TE00136,0.125857
TE02129,0.125857
TE02849,0.125857
TE02619,0.125857
TE01020,0.125857
TE00668,0.125857
TE01945,0.125857
TE00208,0.125857
TE00610,0.125857
TE02863,0.125857
TE01658,0.125857
TE02879,0.125857
TE02829,0.125857
TE02868,0.125857
TE02364,0.125857
TE01641,0.125857
TE01794,0.125857
TE01795,0.125857
TE00516,0.125857
TE01237,0.125857
TE01432,0.125857
TE01287,0.125857
TE02199,0.125857
TE01747,0.125857
TE02468,0.125857
TE00755,0.125857
TE02385,0.125857
TE00960,0.125857
TE00472,0.125857
TE02570,0.125857
TE01652,0.125857
TE01769,0.125857
TE02455,0.125857
TE01234,0.125857
TE00936,0.125857
TE00412,0.125857
TE00823,0.125857
TE01707,0.125857
TE01659,0.125857
TE00576,0.125857
TE02219,0.125857
TE01270,0.125857
TE00139,0.125857
TE02826,0.125857
TE01171,0.125857
TE00992,0.125857
TE02454,0.125857
TE02681,0.125857
TE00866,0.125857
TE01538,0.125857
TE02082,0.125857
TE01390,0.125857
TE02720,0.125857
TE02002,0.125857
TE02326,0.125857
TE02410,0.125857
TE00856,0.125857
TE00294,0.125857
TE01400,0.125857
TE02950,0.125857
TE01070,0.125857
TE01102,0.125857
TE00809,0.125857
TE01749,0.125857
TE01057,0.125857
TE00869,0.125857
TE00712,0.125857
TE01635,0.125857
TE01470,0.125857
TE02508,0.125857
TE01374,0.125857
TE00011,0.125857
TE02441,0.125857
TE01731,0.125857
TE02088,0.125857
TE01397,0.125857
TE02428,0.125857
TE02484,0.125857
TE02971,0.125857
TE00349,0.125857
TE02525,0.125857
TE02194,0.125857
TE01225,0.125857
TE02532,0.125857
TE01894,0.125857
TE00198,0.125857
TE02085,0.125857
TE01878,0.125857
TE02019,0.125857
TE02559,0.125857
TE01634,0.125857
TE00156,0.125857
TE00898,0.125857
TE02757,0.125857
TE01822,0.125857
TE01144,0.125857
TE01197,0.125857
TE01126,0.125857
TE02274,0.125857
TE01803,0.125857
TE01762,0.125857
TE02817,0.125857
TE00966,0.125857
TE01366,0.125857
TE00353,0.125857
TE01035,0.125857
TE01149,0.125857
TE01456,0.125857
TE02335,0.125857
TE02093,0.125857
TE00893,0.125857
TE02059,0.125857
TE01519,0.125857
TE00175,0.125857
TE00113,0.125857
TE01113,0.125857
TE01446,0.125857
TE02032,0.125857
TE02133,0.125857
TE02897,0.125857
TE00439,0.125857
TE01084,0.125857
TE02686,0.125857
TE00652,0.125857
TE01061,0.125857
TE00972,0.125857
TE01637,0.125857
TE01908,0.125857
TE00192,0.125857
TE02217,0.125857
TE00538,0.125857
TE00536,0.125857
TE02270,0.125857
TE00247,0.125857
TE02308,0.125857
TE01248,0.125857
TE00540,0.125857
TE02981,0.125857
TE01551,0.125857
TE01257,0.125857
TE02545,0.125857
TE00745,0.125857
TE01723,0.125857
TE01198,0.125857
TE00265,0.125857
TE00674,0.125857
TE02805,0.125857
TE00030,0.125857
TE01393,0.125857
TE02421,0.125857
TE01014,0.125857
TE00993,0.125857
TE02783,0.125857
TE00628,0.125857
TE00065,0.125857
TE00230,0.125857
TE02519,0.125857
TE01121,0.125857
TE01939,0.125857
TE00606,0.125857
TE00148,0.125857
TE02515,0.125857
TE02301,0.125857
TE01413,0.125857
TE02677,0.125857
TE00857,0.125857
TE02423,0.125857
TE00524,0.125857
TE01183,0.125857
TE00319,0.125857
TE00521,0.125857
TE01661,0.125857
TE02273,0.125857
TE00078,0.125857
TE01028,0.125857
TE00401,0.125857
TE00689,0.125857
TE01765,0.125857
TE02552,0.125857
TE00625,0.125857
TE01291,0.125857
TE01502,0.125857
TE01736,0.125857
TE02370,0.125857
TE00591,0.125857
TE00648,0.125857
TE00802,0.125857
TE00774,0.125857
TE00003,0.125857
TE01717,0.125857
TE02284,0.125857
TE00410,0.125857
TE02704,0.125857
TE00564,0.125857
TE01622,0.125857
TE02870,0.125857
TE02205,0.125857
TE02688,0.125857
TE00305,0.125857
TE00532,0.125857
TE00902,0.125857
TE01115,0.125857
TE00753,0.125857
TE00397,0.125857
TE01727,0.125857
TE02224,0.125857
TE00661,0.125857
TE01883,0.125857
TE02291,0.125857
TE00355,0.125857
TE00398,0.125857
TE02995,0.125857
TE01453,0.125857
TE02439,0.125857
TE00344,0.125857
TE00846,0.125857
TE01953,0.125857
TE02015,0.125857
TE00103,0.125857
TE00040,0.125857
TE00271,0.125857
TE01015,0.125857
TE00706,0.125857
TE02599,0.125857
TE01923,0.125857
TE00951,0.125857
TE02814,0.125857
TE00885,0.125857
TE00784,0.125857
TE02261,0.125857
TE00525,0.125857
TE00708,0.125857
TE01985,0.125857
TE01387,0.125857
TE01318,0.125857
TE00840,0.125857
TE01963,0.125857
TE02438,0.125857
TE02369,0.125857
TE00696,0.125857
TE02692,0.125857
TE02493,0.125857
TE02761,0.125857
TE02071,0.125857
TE02429,0.125857
TE01722,0.125857
TE00131,0.125857
TE00385,0.125857
TE02350,0.125857
TE01598,0.125857
TE00189,0.125857
TE00167,0.125857
TE01434,0.125857
TE02965,0.125857
TE00261,0.125857
TE01067,0.125857
TE01986,0.125857
TE00707,0.125857
TE00336,0.125857
TE02510,0.125857
TE00248,0.125857
TE01445,0.125857
TE00612,0.125857
TE02822,0.125857
TE01706,0.125857
TE02672,0.125857
TE01928,0.125857
TE02564,0.125857
TE01033,0.125857
TE02609,0.125857
TE00838,0.125857
TE01394,0.125857
TE01000,0.125857
TE01898,0.125857
TE01342,0.125857
TE00725,0.125857
TE00106,0.125857
TE01213,0.125857
TE02089,0.125857
TE00874,0.125857
TE00578,0.125857
TE00971,0.125857
TE00636,0.125857
TE00359,0.125857
TE01981,0.125857
TE00096,0.125857
TE01906,0.125857
TE01269,0.125857
TE00321,0.125857
TE00764,0.125857
TE01611,0.125857
TE02746,0.125857
TE01581,0.125857
TE00581,0.125857
TE02124,0.125857
TE01830,0.125857
TE02461,0.125857
TE00415,0.125857
TE01575,0.125857
TE00705,0.125857
TE00406,0.125857
TE01086,0.125857
TE01335,0.125857
TE00014,0.125857
TE01846,0.125857
TE01814,0.125857
TE00911,0.125857
TE01284,0.125857
TE01324,0.125857
TE01744,0.125857
TE01297,0.125857
TE02867,0.125857
TE01218,0.125857
TE01543,0.125857
TE01072,0.125857
TE01417,0.125857
TE02127,0.125857
TE01312,0.125857
TE00173,0.125857
TE02022,0.125857
TE02358,0.125857
TE02517,0.125857
TE01855,0.125857
TE01828,0.125857
TE00286,0.125857
TE01775,0.125857
TE02703,0.125857
TE00731,0.125857
TE00801,0.125857
TE01303,0.125857
TE02536,0.125857
TE01077,0.125857
TE01872,0.125857
TE00810,0.125857
TE01449,0.125857
TE00152,0.125857
TE01501,0.125857
TE01929,0.125857
TE01554,0.125857
TE02718,0.125857
TE00284,0.125857
TE01357,0.125857
TE00088,0.125857
TE02583,0.125857
TE00700,0.125857
TE00931,0.125857
TE00512,0.125857
TE00967,0.125857
TE02600,0.125857
TE00259,0.125857
TE02149,0.125857
TE00806,0.125857
TE00766,0.125857
TE02775,0.125857
TE02398,0.125857
TE01876,0.125857
TE01849,0.125857
TE02861,0.125857
TE00201,0.125857
TE02172,0.125857
TE02184,0.125857
TE01164,0.125857
TE02312,0.125857
TE00160,0.125857
TE00761,0.125857
TE00523,0.125857
TE00256,0.125857
TE00317,0.125857
TE02593,0.125857
TE01662,0.125857
TE02278,0.125857
TE02747,0.125857
TE01801,0.125857
TE01308,0.125857
TE02080,0.125857
TE00597,0.125857
TE01660,0.125857
TE02496,0.125857
TE02573,0.125857
TE00622,0.125857
TE00151,0.125857
TE00392,0.125857
TE02220,0.125857
TE02507,0.125857
TE02164,0.125857
TE02673,0.125857
TE01856,0.125857
TE00811,0.125857
TE01087,0.125857
TE02166,0.125857
TE00657,0.125857
TE01267,0.125857
TE02952,0.125857
TE01903,0.125857
TE01089,0.125857
TE00218,0.125857
TE01406,0.125857
TE02764,0.125857
TE00425,0.125857
TE01036,0.125857
TE02701,0.125857
TE01329,0.125857
TE00950,0.125857
TE01211,0.125857
TE01725,0.125857
TE02543,0.125857
TE00722,0.125857
TE02668,0.125857
TE02654,0.125857
TE02104,0.125857
TE00984,0.125857
TE02501,0.125857
TE02664,0.125857
TE01796,0.125857
TE01869,0.125857
TE00934,0.125857
TE00036,0.125857
TE00009,0.125857
TE01536,0.125857
TE01403,0.125857
TE01060,0.125857
TE02800,0.125857
TE01537,0.125857
TE01349,0.125857
TE00740,0.125857
TE01936,0.125857
TE00779,0.125857
TE00471,0.125857
TE00672,0.125857
TE01569,0.125857
TE00282,0.125857
TE02294,0.125857
TE01633,0.125857
TE00432,0.125857
TE01970,0.125857
TE01105,0.125857
TE01266,0.125857
TE02249,0.125857
TE00434,0.125857
TE01402,0.125857
TE02228,0.125857
TE00849,0.125857
TE00482,0.125857
TE01361,0.125857
TE01860,0.125857
TE02033,0.125857
TE00223,0.125857
TE00616,0.125857
TE00863,0.125857
TE01305,0.125857
TE02319,0.125857
TE02731,0.125857
TE00527,0.125857
TE00545,0.125857
TE01713,0.125857
TE00013,0.125857
TE00064,0.125857
TE02784,0.125857
TE02078,0.125857
TE02936,0.125857
TE01515,0.125857
TE02131,0.125857
TE02598,0.125857
TE02497,0.125857
TE00678,0.125857
TE00886,0.125857
TE02295,0.125857
TE00101,0.125857
TE01228,0.125857
TE02810,0.125857
TE01240,0.125857
TE00490,0.125857
TE02789,0.125857
TE02794,0.125857
TE01513,0.125857
TE00520,0.125857
TE00842,0.125857
TE00641,0.125857
TE01044,0.125857
TE00983,0.125857
TE00207,0.125857
TE01381,0.125857
TE01841,0.125857
TE01944,0.125857
TE02813,0.125857
TE02470,0.125857
TE00771,0.125857
TE01047,0.125857
TE01595,0.125857
TE01972,0.125857
TE00660,0.125857
TE02333,0.125857
TE00821,0.125857
TE02906,0.125857
TE02309,0.125857
TE01873,0.125857
TE01760,0.125857
TE02012,0.125857
TE00007,0.125857
TE02526,0.125857
TE02181,0.125857
TE00699,0.125857
TE01994,0.125857
TE02486,0.125857
TE00029,0.125857
TE00890,0.125857
TE00621,0.125857
TE02658,0.125857
TE00377,0.125857
TE01705,0.125857
TE00356,0.125857
TE02151,0.125857
TE02006,0.125857
TE00394,0.125857
TE02427,0.125857
TE01360,0.125857
TE01893,0.125857
TE00667,0.125857
TE01580,0.125857
TE00169,0.125857
TE02020,0.125857
TE01379,0.125857
TE00228,0.125857
TE01097,0.125857
TE01743,0.125857
TE02135,0.125857
TE01048,0.125857
TE01714,0.125857
TE01450,0.125857
TE01471,0.125857
TE01230,0.125857
TE00236,0.125857
TE00235,0.125857
TE02289,0.125857
TE02886,0.125857
TE00749,0.125857
TE02492,0.125857
TE01601,0.125857
TE01224,0.125857
TE01812,0.125857
TE01897,0.125857
TE02122,0.125857
TE02714,0.125857
TE02571,0.125857
TE01852,0.125857
TE00437,0.125857
TE02359,0.125857
TE00891,0.125857
TE02246,0.125857
TE01560,0.125857
TE00363,0.125857
TE01104,0.125857
TE00776,0.125857
TE01914,0.125857
TE01205,0.125857
TE01355,0.125857
TE01983,0.125857
TE00292,0.125857
TE01129,0.125857
TE02758,0.125857
TE00039,0.125857
TE01933,0.125857
TE02667,0.125857
TE00644,0.125857
TE01920,0.125857
TE00702,0.125857
TE01358,0.125857
TE01253,0.125857
TE01336,0.125857
TE00930,0.125857
TE00408,0.125857
TE02303,0.125857
TE02839,0.125857
TE02302,0.125857
TE01486,0.125857
TE00772,0.125857
TE01065,0.125857
TE00547,0.125857
TE01331,0.125857
TE01892,0.125857
TE01605,0.125857
TE01958,0.125857
TE02320,0.125857
TE02787,0.125857
TE02844,0.125857
TE02110,0.125857
TE00389,0.125857
TE01719,0.125857
TE01832,0.125857
TE00574,0.125857
TE01693,0.125857
TE00214,0.125857
TE02745,0.125857
TE00876,0.125857
TE00949,0.125857
TE00473,0.125857
TE02640,0.125857
TE02751,0.125857
TE02592,0.125857
TE01410,0.125857
TE00615,0.125857
TE01141,0.125857
TE00795,0.125857
TE01742,0.125857
TE00267,0.125857
TE00299,0.125857
TE02260,0.125857
TE01879,0.125857
TE00429,0.125857
TE01038,0.125857
TE01058,0.125857
TE00445,0.125857
TE00075,0.125857
TE02717,0.125857
TE02329,0.125857
TE01029,0.125857
TE02499,0.125857
TE02287,0.125857
TE02530,0.125857
TE00424,0.125857
TE01196,0.125857
TE01380,0.125857
TE00987,0.125857
TE01309,0.125857
TE02264,0.125857
TE01577,0.125857
TE01276,0.125857
TE02371,0.125857
TE02836,0.125857
TE02023,0.125857
TE01351,0.125857
TE00964,0.125857
TE01925,0.125857
TE02586,0.125857
TE00945,0.125857
TE00388,0.125857
TE00177,0.125857
TE00614,0.125857
TE01439,0.125857
TE00803,0.125857
TE01353,0.125857
TE00381,0.125857
TE02509,0.125857
TE02174,0.125857
TE01529,0.125857
TE02406,0.125857
TE02872,0.125857
TE02670,0.125857
TE02558,0.125857
TE00995,0.125857
TE02970,0.125857
TE02892,0.125857
TE01178,0.125857
TE00544,0.125857
TE00112,0.125857
TE00095,0.125857
TE01612,0.125857
TE00710,0.125857
TE00027,0.125857
TE01616,0.125857
TE00744,0.125857
TE01726,0.125857
TE01371,0.125857
TE02918,0.125857
TE01026,0.125857
TE00662,0.125857
TE01131,0.125857
TE00575,0.125857
TE01604,0.125857
TE02050,0.125857
TE01064,0.125857
TE00970,0.125857
TE01522,0.125857
TE02565,0.125857
TE02377,0.125857
TE02621,0.125857
TE01512,0.125857
TE00343,0.125857
TE01100,0.125857
TE01797,0.125857
TE01307,0.125857
TE02538,0.125857
TE01046,0.125857
TE01686,0.125857
TE00157,0.125857
TE00322,0.125857
TE02018,0.125857
TE00298,0.125857
TE00933,0.125857
TE00137,0.125857
TE01646,0.125857
TE02522,0.125857
TE00867,0.125857
TE00022,0.125857
TE02780,0.125857
TE02697,0.125857
TE02337,0.125857
TE01317,0.125857
TE01896,0.125857
TE02982,0.125857
TE00711,0.125857
TE00469,0.125857
TE02045,0.125857
TE01819,0.125857
TE01455,0.125857
TE01337,0.125857
TE02660,0.125857
TE01921,0.125857
TE02442,0.125857
TE01352,0.125857
TE02516,0.125857
TE01409,0.125857
TE00200,0.125857
TE02158,0.125857
TE02048,0.125857
TE01808,0.125857
TE00495,0.125857
TE02934,0.125857
TE00782,0.125857
TE00364,0.125857
TE00163,0.125857
TE01884,0.125857
TE02963,0.125857
TE01422,0.125857
TE00331,0.125857
TE02858,0.125857
TE00592,0.125857
TE01785,0.125857
TE01508,0.125857
TE02792,0.125857
TE01426,0.125857
TE01885,0.125857
TE01192,0.125857
TE00935,0.125857
TE02211,0.125857
TE02436,0.125857
TE01649,0.125857
TE02171,0.125857
TE01108,0.125857
TE01158,0.125857
TE00543,0.125857
TE02343,0.125857
TE00817,0.125857
TE01689,0.125857
TE02812,0.125857
TE02756,0.125857
TE01457,0.125857
TE01419,0.125857
TE01412,0.125857
TE00714,0.125857
TE00651,0.125857
TE01940,0.125857
TE00411,0.125857
TE01301,0.125857
TE02051,0.125857
TE00403,0.125857
TE00190,0.125857
TE00758,0.125857
TE00028,0.125857
TE02623,0.125857
TE01282,0.125857
TE02781,0.125857
TE01170,0.125857
TE02518,0.125857
TE02251,0.125857
TE00350,0.125857
TE01440,0.125857
TE02420,0.125857
TE02245,0.125857
TE02240,0.125857
TE00888,0.125857
TE01258,0.125857
TE00848,0.125857
TE00905,0.125857
TE01245,0.125857
TE01816,0.125857
TE00441,0.125857
TE01027,0.125857
TE01338,0.125857
TE02993,0.125857
TE00010,0.125857
TE02986,0.125857
TE00593,0.125857
TE01285,0.125857
TE00618,0.125857
TE00404,0.125857
TE00072,0.125857
TE02555,0.125857
TE01613,0.125857
TE00042,0.125857
TE00300,0.125857
TE02449,0.125857
TE00873,0.125857
TE00462,0.125857
TE01895,0.125857
TE02506,0.125857
TE00021,0.125857
TE02106,0.125857
TE01578,0.125857
TE00562,0.125857
TE02961,0.125857
TE02101,0.125857
TE02605,0.125857
TE01174,0.125857
TE00455,0.125857
TE01175,0.125857
TE01610,0.125857
TE00736,0.125857
TE01343,0.125857
TE01271,0.125857
TE02626,0.125857
TE01344,0.125857
TE02161,0.125857
TE02712,0.125857
TE01600,0.125857
TE02774,0.125857
TE00119,0.125857
TE02631,0.125857
TE01319,0.125857
TE01199,0.125857
TE00943,0.125857
TE01755,0.125857
TE01392,0.125857
TE00335,0.125857
TE01550,0.125857
TE01587,0.125857
TE00718,0.125857
TE02480,0.125857
TE02459,0.125857
TE01737,0.125857
TE02011,0.125857
TE02328,0.125857
TE02766,0.125857
TE01821,0.125857
TE00371,0.125857
TE01527,0.125857
TE01815,0.125857
TE02896,0.125857
TE00508,0.125857
TE00530,0.125857
TE01783,0.125857
TE01638,0.125857
TE02272,0.125857
TE00883,0.125857
TE00994,0.125857
TE00882,0.125857
TE02832,0.125857
TE02415,0.125857
TE01943,0.125857
TE01773,0.125857
TE02753,0.125857
TE02925,0.125857
TE02325,0.125857
TE00387,0.125857
TE01395,0.125857
TE00159,0.125857
TE00839,0.125857
TE01672,0.125857
TE01295,0.125857
TE02476,0.125857
TE02907,0.125857
TE00815,0.125857
TE00684,0.125857
TE01389,0.125857
TE00475,0.125857
TE02157,0.125857
TE00492,0.125857
TE02947,0.125857
TE00529,0.125857
TE02070,0.125857
TE00650,0.125857
TE00144,0.125857
TE00607,0.125857
TE02776,0.125857
TE02306,0.125857
TE00125,0.125857
TE01292,0.125857
TE02696,0.125857
TE01073,0.125857
TE02195,0.125857
TE00480,0.125857
TE01858,0.125857
TE02479,0.125857
TE00194,0.125857
TE00005,0.125857
TE02357,0.125857
TE00726,0.125857
TE00685,0.125857
TE02154,0.125857
TE00962,0.125857
TE01347,0.125857
TE00511,0.125857
TE00800,0.125857
TE00747,0.125857
TE02537,0.125857
TE00233,0.125857
TE01469,0.125857
TE02143,0.125857
TE01083,0.125857
TE01021,0.125857
TE00357,0.125857
TE00195,0.125857
TE02978,0.125857
TE02889,0.125857
TE01811,0.125857
TE02671,0.125857
TE02713,0.125857
TE01416,0.125857
TE00571,0.125857
TE01763,0.125857
TE01220,0.125857
TE02338,0.125857
TE02244,0.125857
TE01273,0.125857
TE01444,0.125857
TE01325,0.125857
TE02355,0.125857
TE00104,0.125857
TE00894,0.125857
TE01628,0.125857
TE02191,0.125857
TE02402,0.125857
TE01787,0.125857
TE02118,0.125857
TE02076,0.125857
TE01296,0.125857
TE02675,0.125857
TE01250,0.125857
TE02864,0.125857
TE00912,0.125857
TE02715,0.125857
TE01782,0.125857
TE02728,0.125857
TE01825,0.125857
TE01518,0.125857
TE01401,0.125857
TE01534,0.125857
TE01891,0.125857
TE02655,0.125857
TE01200,0.125857
TE00968,0.125857
TE02107,0.125857
TE01306,0.125857
TE02930,0.125857
TE01609,0.125857
TE02935,0.125857
TE02313,0.125857
TE01177,0.125857
TE01497,0.125857
TE02924,0.125857
TE00369,0.125857
TE02958,0.125857
TE01222,0.125857
TE02153,0.125857
TE02256,0.125857
TE00794,0.125857
TE01987,0.125857
TE00418,0.125857
TE01461,0.125857
TE01311,0.125857
TE00249,0.125857
TE02397,0.125857
TE02816,0.125857
TE02503,0.125857
TE01818,0.125857
TE01930,0.125857
TE01203,0.125857
TE02666,0.125857
TE01805,0.125857
TE01484,0.125857
TE02190,0.125857
TE01424,0.125857
TE01596,0.125857
TE01653,0.125857
TE01739,0.125857
TE00991,0.125857
TE01458,0.125857
TE00633,0.125857
TE02808,0.125857
TE02946,0.125857
TE01756,0.125857
TE01182,0.125857
TE00090,0.125857
TE02710,0.125857
TE02690,0.125857
TE01005,0.125857
TE00054,0.125857
TE01498,0.125857
TE01189,0.125857
TE01691,0.125857
TE02269,0.125857
TE02876,0.125857
TE00787,0.125857
TE02307,0.125857
TE02013,0.125857
TE02612,0.125857
TE00047,0.125857
TE02788,0.125857
TE02445,0.125857
TE00742,0.125857
TE00273,0.125857
TE01754,0.125857
TE01997,0.125857
TE00290,0.125857
TE01334,0.125857
TE01187,0.125857
TE02444,0.125857
TE01078,0.125857
TE01169,0.125857
TE01421,0.125857
TE00419,0.125857
TE00961,0.125857
TE01152,0.125857
TE00781,0.125857
TE00346,0.125857
TE02542,0.125857
TE02471,0.125857
TE00505,0.125857
TE00025,0.125857
TE00679,0.125857
TE00006,0.125857
TE01314,0.125857
TE01525,0.125857
TE00590,0.125857
TE01528,0.125857
TE02762,0.125857
TE02524,0.125857
TE01712,0.125857
TE02899,0.125857
TE01732,0.125857
TE00793,0.125857
TE00925,0.125857
TE00981,0.125857
TE01143,0.125857
TE02296,0.125857
TE01437,0.125857
TE02068,0.125857
TE00203,0.125857
TE01327,0.125857
TE00568,0.125857
TE00141,0.125857
TE01687,0.125857
TE01127,0.125857
TE02576,0.125857
TE02092,0.125857
TE00955,0.125857
TE01092,0.125857
TE02130,0.125857
TE02112,0.125857
TE00788,0.125857
TE00497,0.125857
TE00055,0.125857
TE02114,0.125857
TE01157,0.125857
TE00132,0.125857
TE00109,0.125857
TE02241,0.125857
TE00514,0.125857
TE01552,0.125857
TE01133,0.125857
TE02210,0.125857
TE00255,0.125857
TE02485,0.125857
TE01510,0.125857
TE00306,0.125857
TE00476,0.125857
TE02711,0.125857
TE00916,0.125857
TE02824,0.125857
TE00533,0.125857
TE00276,0.125857
TE01984,0.125857
TE02638,0.125857
TE01980,0.125857
TE02629,0.125857
TE01626,0.125857
TE00919,0.125857
TE02113,0.125857
TE01901,0.125857
TE00395,0.125857
TE00858,0.125857
TE01219,0.125857
TE00212,0.125857
TE01106,0.125857
TE02119,0.125857
TE00746,0.125857
TE00100,0.125857
TE00001,0.125857
TE01721,0.125857
TE00824,0.125857
TE02643,0.125857
TE00244,0.125857
TE00181,0.125857
TE02974,0.125857
TE00370,0.125857
TE02197,0.125857
TE02047,0.125857
TE00580,0.125857
TE02740,0.125857
TE01829,0.125857
TE01229,0.125857
TE01701,0.125857
TE01168,0.125857
TE01059,0.125857
TE02707,0.125857
TE02292,0.125857
TE02054,0.125857
TE01621,0.125857
TE00150,0.125857
TE01950,0.125857
TE01056,0.125857
TE01354,0.125857
TE02422,0.125857
TE01910,0.125857
TE00952,0.125857
TE00862,0.125857
TE00783,0.125857
TE01683,0.125857
TE00812,0.125857
TE01482,0.125857
TE02890,0.125857
TE01618,0.125857
TE01300,0.125857
TE01899,0.125857
TE02186,0.125857
TE01688,0.125857
TE00563,0.125857
TE01746,0.125857
TE02903,0.125857
TE00069,0.125857
TE02311,0.125857
TE02215,0.125857
TE00690,0.125857
TE00940,0.125857
TE01960,0.125857
TE00818,0.125857
TE01942,0.125857
TE00526,0.125857
TE02611,0.125857
TE02321,0.125857
TE00399,0.125857
TE00328,0.125857
TE00091,0.125857
TE02821,0.125857
TE02505,0.125857
TE01703,0.125857
TE02500,0.125857
TE02799,0.125857
TE02860,0.125857
TE02096,0.125857
TE02001,0.125857
TE01485,0.125857
TE02478,0.125857
TE01448,0.125857
TE00762,0.125857
TE02230,0.125857
TE01003,0.125857
TE02259,0.125857
TE01913,0.125857
TE02589,0.125857
TE02331,0.125857
TE00012,0.125857
TE00944,0.125857
TE01541,0.125857
TE01243,0.125857
TE01820,0.125857
TE02727,0.125857
TE02785,0.125857
TE01435,0.125857
TE02617,0.125857
TE02193,0.125857
TE02980,0.125857
TE01937,0.125857
TE02404,0.125857
TE01549,0.125857
TE01099,0.125857
TE00093,0.125857
TE01874,0.125857
TE01221,0.125857
TE01995,0.125857
TE01632,0.125857
TE01682,0.125857
TE01666,0.125857
TE00829,0.125857
TE02846,0.125857
TE01124,0.125857
TE02887,0.125857
TE00778,0.125857
TE02648,0.125857
TE00481,0.125857
TE02937,0.125857
TE02684,0.125857
TE00555,0.125857
TE02859,0.125857
TE02108,0.125857
TE01730,0.125857
TE02008,0.125857
TE01664,0.125857
TE02941,0.125857
TE01363,0.125857
TE00108,0.125857
TE00768,0.125857
TE02955,0.125857
TE00164,0.125857
TE01377,0.125857
TE01212,0.125857
TE00146,0.125857
TE02229,0.125857
TE01194,0.125857
TE01238,0.125857
TE01460,0.125857
TE01574,0.125857
TE00264,0.125857
TE02148,0.125857
TE00946,0.125857
TE00808,0.125857
TE00448,0.125857
TE01459,0.125857
TE00428,0.125857
TE02136,0.125857
TE00861,0.125857
TE02179,0.125857
TE02754,0.125857
TE02511,0.125857
TE02625,0.125857
TE01130,0.125857
TE02622,0.125857
TE01265,0.125857
TE02435,0.125857
TE00496,0.125857
TE00833,0.125857
TE00443,0.125857
TE02722,0.125857
TE02094,0.125857
TE01464,0.125857
TE01540,0.125857
TE00422,0.125857
TE02305,0.125857
TE01118,0.125857
TE02366,0.125857
TE01741,0.125857
TE00327,0.125857
TE01052,0.125857
TE02304,0.125857
TE01188,0.125857
TE02477,0.125857
TE02388,0.125857
TE01859,0.125857
TE00677,0.125857
TE00915,0.125857
TE00358,0.125857
TE00084,0.125857
TE01630,0.125857
TE01854,0.125857
TE01716,0.125857
TE00196,0.125857
TE01862,0.125857
TE02239,0.125857
TE02926,0.125857
TE02021,0.125857
TE00605,0.125857
TE01388,0.125857
TE00053,0.125857
TE00111,0.125857
TE02466,0.125857
TE01594,0.125857
TE02996,0.125857
TE02416,0.125857
TE02346,0.125857
TE00435,0.125857
TE02209,0.125857
TE01249,0.125857
TE02437,0.125857
TE02378,0.125857
TE02577,0.125857
TE00254,0.125857
TE02520,0.125857
TE00928,0.125857
TE02601,0.125857
TE00020,0.125857
TE01137,0.125857
TE02917,0.125857
TE02723,0.125857
TE02425,0.125857
TE02865,0.125857
TE00452,0.125857
TE01833,0.125857
TE00730,0.125857
TE00461,0.125857
TE02921,0.125857
TE00799,0.125857
TE02910,0.125857
TE01148,0.125857
TE02841,0.125857
TE00649,0.125857
TE00743,0.125857
TE01711,0.125857
TE02064,0.125857
TE02029,0.125857
TE02931,0.125857
TE01474,0.125857
TE01407,0.125857
TE01593,0.125857
TE01697,0.125857
TE02055,0.125857
TE00923,0.125857
TE02332,0.125857
TE00773,0.125857
TE00077,0.125857
TE01506,0.125857
TE02352,0.125857
TE00067,0.125857
TE02180,0.125857
TE02299,0.125857
TE02253,0.125857
TE02234,0.125857
TE01752,0.125857
TE02659,0.125857
TE02546,0.125857
TE02168,0.125857
TE02066,0.125857
TE00478,0.125857
TE00454,0.125857
TE00775,0.125857
TE00430,0.125857
TE02431,0.125857
TE01740,0.125857
TE00440,0.125857
TE01911,0.125857
TE01643,0.125857
TE00586,0.125857
TE02383,0.125857
TE01738,0.125857
TE00272,0.125857
TE01644,0.125857
TE00303,0.125857
TE02279,0.125857
TE02721,0.125857
TE00217,0.125857
TE00859,0.125857
TE00459,0.125857
TE01499,0.125857
TE01989,0.125857
TE02046,0.125857
TE01011,0.125857
TE00673,0.125857
TE02665,0.125857
TE01651,0.125857
TE02744,0.125857
TE00596,0.125857
TE02585,0.125857
TE01383,0.125857
TE00140,0.125857
TE00229,0.125857
TE02881,0.125857
TE01425,0.125857
TE00627,0.125857
TE01617,0.125857
TE01277,0.125857
TE00280,0.125857
TE00296,0.125857
TE01161,0.125857
TE00213,0.125857
TE01032,0.125857
TE00450,0.125857
TE01411,0.125857
TE01791,0.125857
TE01955,0.125857
TE02408,0.125857
TE02417,0.125857
TE02231,0.125857
TE00908,0.125857
TE00347,0.125857
TE02361,0.125857
TE02034,0.125857
TE00864,0.125857
TE01685,0.125857
TE01116,0.125857
TE02100,0.125857
TE02927,0.125857
TE00409,0.125857
TE02749,0.125857
TE01345,0.125857
TE02368,0.125857
TE00860,0.125857
TE01214,0.125857
TE00316,0.125857
TE01288,0.125857
TE01861,0.125857
TE00446,0.125857
TE00733,0.125857
TE02268,0.125857
TE02275,0.125857
TE00535,0.125857
TE00851,0.125857
TE02400,0.125857
TE00577,0.125857
TE01909,0.125857
TE01568,0.125857
TE02056,0.125857
TE00738,0.125857
TE02125,0.125857
TE00257,0.125857
TE01239,0.125857
TE00094,0.125857
TE02227,0.125857
TE00444,0.125857
TE02139,0.125857
TE01766,0.125857
TE02560,0.125857
TE00792,0.125857
TE02216,0.125857
TE02027,0.125857
TE00421,0.125857
TE00170,0.125857
TE01584,0.125857
TE00569,0.125857
TE01565,0.125857
TE01043,0.125857
TE02409,0.125857
TE02145,0.125857
TE00499,0.125857
TE00875,0.125857
TE00329,0.125857
TE01493,0.125857
TE01946,0.125857
TE01468,0.125857
TE01150,0.125857
TE00155,0.125857
TE02097,0.125857
TE01429,0.125857
TE00871,0.125857
TE02535,0.125857
TE00850,0.125857
TE01831,0.125857
TE02979,0.125857
TE02362,0.125857
TE00243,0.125857
TE00308,0.125857
TE00830,0.125857
TE00070,0.125857
TE01049,0.125857
TE01788,0.125857
TE02835,0.125857
TE00314,0.125857
TE01675,0.125857
TE02345,0.125857
TE01256,0.125857
TE00813,0.125857
TE01539,0.125857
TE02614,0.125857
TE01678,0.125857
TE01016,0.125857
TE01971,0.125857
TE00695,0.125857
TE01480,0.125857
TE00485,0.125857
TE00503,0.125857
TE02138,0.125857
TE01500,0.125857
TE02647,0.125857
TE01101,0.125857
TE01095,0.125857
TE00918,0.125857
TE01391,0.125857
TE02160,0.125857
TE01451,0.125857
TE00796,0.125857
TE01025,0.125857
TE01117,0.125857
TE01385,0.125857
TE00548,0.125857
TE00542,0.125857
TE00552,0.125857
TE01700,0.125857
TE01012,0.125857
TE01650,0.125857
TE02152,0.125857
TE02742,0.125857
TE00332,0.125857
TE02891,0.125857
TE01966,0.125857
TE01708,0.125857
TE02488,0.125857
TE01135,0.125857
TE01163,0.125857
TE01590,0.125857
TE02316,0.125857
TE00380,0.125857
TE01676,0.125857
TE01774,0.125857
TE00828,0.125857
TE02091,0.125857
TE01767,0.125857
TE01586,0.125857
TE02912,0.125857
TE00340,0.125857
TE00623,0.125857
TE00063,0.125857
TE02923,0.125857
TE02140,0.125857
TE01591,0.125857
TE00537,0.125857
TE02395,0.125857
TE00558,0.125857
TE01254,0.125857
TE00921,0.125857
TE02243,0.125857
TE01947,0.125857
TE00049,0.125857
TE00188,0.125857
TE00954,0.125857
TE01690,0.125857
TE01566,0.125857
TE02074,0.125857
TE02620,0.125857
TE00008,0.125857
TE01302,0.125857
TE02960,0.125857
TE02628,0.125857
TE00975,0.125857
TE00202,0.125857
TE02167,0.125857
TE00266,0.125857
TE03000,0.125857
TE01620,0.125857
TE01375,0.125857
TE02394,0.125857
TE00539,0.125857
TE00283,0.125857
TE00147,0.125857
TE00374,0.125857
TE02759,0.125857
TE02090,0.125857
TE01959,0.125857
TE01136,0.125857
TE00554,0.125857
TE00182,0.125857
TE00127,0.125857
TE00557,0.125857
TE01173,0.125857
TE01772,0.125857
TE00854,0.125857
TE02132,0.125857
TE00166,0.125857
TE00260,0.125857
TE02440,0.125857
TE01514,0.125857
TE01809,0.125857
TE00947,0.125857
TE01555,0.125857
TE02044,0.125857
TE00506,0.125857
TE02541,0.125857
TE02314,0.125857
TE00924,0.125857
TE01926,0.125857
TE02399,0.125857
TE00889,0.125857
TE00241,0.125857
TE00914,0.125857
TE00289,0.125857
TE02177,0.125857
TE02752,0.125857
TE01477,0.125857
TE00989,0.125857
TE01710,0.125857
TE01442,0.125857
TE00115,0.125857
TE00903,0.125857
TE00998,0.125857
TE01045,0.125857
TE00342,0.125857
TE00676,0.125857
TE01216,0.125857
TE02266,0.125857
TE00375,0.125857
TE00567,0.125857
TE00948,0.125857
TE00245,0.125857
TE00687,0.125857
TE01246,0.125857
TE00926,0.125857
TE02458,0.125857
TE00872,0.125857
TE00068,0.125857
TE00043,0.125857
TE00018,0.125857
TE00999,0.125857
TE02075,0.125857
TE02223,0.125857
TE02040,0.125857
TE00297,0.125857
TE02202,0.125857
TE01423,0.125857
TE02049,0.125857
TE00957,0.125857
TE01517,0.125857
TE01567,0.125857
TE02627,0.125857
TE02159,0.125857
TE02024,0.125857
TE02073,0.125857
TE00896,0.125857
TE02933,0.125857
TE00142,0.125857
TE00791,0.125857
TE00183,0.125857
TE01475,0.125857
TE01223,0.125857
TE02793,0.125857
TE02919,0.125857
TE01753,0.125857
TE01531,0.125857
TE00341,0.125857
TE01965,0.125857
TE00691,0.125857
TE01260,0.125857
TE00433,0.125857
TE00635,0.125857
TE00884,0.125857
TE01430,0.125857
TE01657,0.125857
TE02989,0.125857
TE02646,0.125857
TE02786,0.125857
TE01838,0.125857
TE02866,0.125857
TE00682,0.125857
TE02495,0.125857
TE02838,0.125857
TE01866,0.125857
TE00135,0.125857
TE02257,0.125857
TE01969,0.125857
TE02475,0.125857
TE01665,0.125857
TE00734,0.125857
TE02732,0.125857
TE01729,0.125857
TE02652,0.125857
TE02635,0.125857
TE00086,0.125857
TE02708,0.125857
TE02456,0.125857
TE01286,0.125857
TE02985,0.125857
TE00887,0.125857
TE01558,0.125857
TE00285,0.125857
TE01367,0.125857
TE02170,0.125857
TE01037,0.125857
TE02976,0.125857
TE00819,0.125857
TE00391,0.125857
TE01294,0.125857
TE00045,0.125857
TE02984,0.125857
TE01916,0.125857
TE02529,0.125857
TE00237,0.125857
TE02802,0.125857
TE00117,0.125857
TE01961,0.125857
TE01364,0.125857
TE01235,0.125857
TE00500,0.125857
TE01585,0.125857
TE00413,0.125857
TE00941,0.125857
TE02238,0.125857
TE00681,0.125857
TE00238,0.125857
TE01917,0.125857
TE00868,0.125857
TE01132,0.125857
TE01779,0.125857
TE02237,0.125857
TE02724,0.125857
TE00143,0.125857
TE00326,0.125857
TE01053,0.125857
TE00487,0.125857
TE01185,0.125857
TE01208,0.125857
TE00637,0.125857
TE01798,0.125857
TE00629,0.125857
TE01735,0.125857
TE02144,0.125857
TE01826,0.125857
TE02796,0.125857
TE01004,0.125857
TE01844,0.125857
TE00688,0.125857
TE00313,0.125857
TE00901,0.125857
TE02972,0.125857
TE01348,0.125857
TE02975,0.125857
TE01110,0.125857
TE02820,0.125857
TE00675,0.125857
TE00748,0.125857
TE02188,0.125857
TE01843,0.125857
TE02768,0.125857
TE02087,0.125857
TE01952,0.125857
TE02691,0.125857
TE02540,0.125857
TE02533,0.125857
TE02214,0.125857
TE02235,0.125857
TE02966,0.125857
TE01655,0.125857
TE02473,0.125857
TE01576,0.125857
TE00585,0.125857
TE01462,0.125857
TE00909,0.125857
TE00561,0.125857
TE02386,0.125857
TE00484,0.125857
TE00990,0.125857
TE02983,0.125857
TE00549,0.125857
TE02953,0.125857
TE01262,0.125857
TE00048,0.125857
TE00082,0.125857
TE00790,0.125857
TE01063,0.125857
TE02058,0.125857
TE02491,0.125857
TE02748,0.125857
TE02999,0.125857
TE01922,0.125857
TE00645,0.125857
TE02446,0.125857
TE02504,0.125857
TE01436,0.125857
TE02582,0.125857
TE02523,0.125857
TE02412,0.125857
TE02340,0.125857
TE00367,0.125857
TE01013,0.125857
TE00502,0.125857
TE01184,0.125857
TE00038,0.125857
TE02644,0.125857
TE02255,0.125857
TE01066,0.125857
TE01111,0.125857
TE01008,0.125857
TE02716,0.125857
TE00477,0.125857
TE00980,0.125857
TE02997,0.125857
TE02204,0.125857
TE02730,0.125857
TE02163,0.125857
TE02283,0.125857
TE01386,0.125857
TE00899,0.125857
TE01384,0.125857
TE02636,0.125857
TE02000,0.125857
TE00107,0.125857
TE00362,0.125857
TE01545,0.125857
TE00760,0.125857
TE01088,0.125857
TE01368,0.125857
TE01669,0.125857
TE01433,0.125857
TE00852,0.125857
TE00985,0.125857
TE01991,0.125857
TE02562,0.125857
TE02115,0.125857
TE00583,0.125857
TE02772,0.125857
TE01441,0.125857
TE01478,0.125857
TE00270,0.125857
TE01210,0.125857
TE00168,0.125857
TE00051,0.125857
TE02578,0.125857
TE00176,0.125857
TE01332,0.125857
TE02678,0.125857
TE00226,0.125857
TE02938,0.125857
TE02254,0.125857
TE02280,0.125857
TE01562,0.125857
TE02779,0.125857
TE02581,0.125857
TE01698,0.125857
TE01420,0.125857
TE00179,0.125857
TE01836,0.125857
TE02851,0.125857
TE00383,0.125857
TE00338,0.125857
TE00211,0.125857
TE02201,0.125857
TE00770,0.125857
TE00372,0.125857
TE00769,0.125857
TE02702,0.125857
TE00017,0.125857
TE02472,0.125857
TE01546,0.125857
TE01542,0.125857
TE00085,0.125857
TE01557,0.125857
TE01579,0.125857
TE02502,0.125857
TE00917,0.125857
TE02850,0.125857
TE01668,0.125857
TE00019,0.125857
TE01533,0.125857
TE01094,0.125857
TE00451,0.125857
TE01119,0.125857
TE01467,0.125857
TE00269,0.125857
TE02987,0.125857
TE01751,0.125857
TE00559,0.125857
TE02957,0.125857
TE02549,0.125857
TE00110,0.125857
TE02263,0.125857
TE00611,0.125857
TE02574,0.125857
TE01784,0.125857
TE00750,0.125857
TE01369,0.125857
TE01998,0.125857
TE00759,0.125857
TE00694,0.125857
TE02213,0.125857
TE01848,0.125857
TE01768,0.125857
TE02534,0.125857
TE00716,0.125857
TE01583,0.125857
TE00035,0.125857
TE02513,0.125857
TE02613,0.125857
TE02067,0.125857
TE01496,0.125857
TE00579,0.125857
TE02738,0.125857
TE01886,0.125857
TE00732,0.125857
TE01172,0.125857
TE02200,0.125857
TE01813,0.125857
TE02674,0.125857
TE00407,0.125857
TE02871,0.125857
TE00698,0.125857
TE02137,0.125857
TE02327,0.125857
TE00494,0.125857
TE01759,0.125857
TE00081,0.125857
TE02590,0.125857
TE00423,0.125857
TE01316,0.125857
TE02462,0.125857
TE02381,0.125857
TE02375,0.125857
TE02902,0.125857
TE00186,0.125857
TE02719,0.125857
TE00582,0.125857
TE01340,0.125857
TE02376,0.125857
TE01107,0.125857
TE00033,0.125857
TE01670,0.125857
TE01902,0.125857
TE01840,0.125857
TE00805,0.125857
TE00034,0.125857
TE02490,0.125857
TE00988,0.125857
TE02342,0.125857
TE00927,0.125857
TE00057,0.125857
TE00467,0.125857
TE02954,0.125857
TE01227,0.125857
TE01272,0.125857
TE00470,0.125857
TE01090,0.125857
TE00379,0.125857
TE00345,0.125857
TE00224,0.125857
TE02155,0.125857
TE01654,0.125857
TE02443,0.125857
TE01582,0.125857
TE01692,0.125857
TE02212,0.125857
TE01837,0.125857
TE02453,0.125857
TE01452,0.125857
TE01024,0.125857
TE01835,0.125857
TE00965,0.125857
TE01571,0.125857
TE02297,0.125857
TE01298,0.125857
TE00642,0.125857
TE02103,0.125857
TE00498,0.125857
TE01790,0.125857
TE00457,0.125857
TE02483,0.125857
TE02584,0.125857
TE00184,0.125857
TE00080,0.125857
TE01244,0.125857
TE00937,0.125857
TE01030,0.125857
TE00204,0.125857
TE02662,0.125857
TE01871,0.125857
TE01443,0.125857
TE01333,0.125857
TE00595,0.125857
TE01503,0.125857
TE01864,0.125857
TE01524,0.125857
TE00531,0.125857
TE02206,0.125857
TE02944,0.125857
TE00037,0.125857
TE02741,0.125857
TE01159,0.125857
TE02447,0.125857
TE00522,0.125857
TE01488,0.125857
TE00334,0.125857
TE02739,0.125857
TE00588,0.125857
TE01259,0.125857
TE02909,0.125857
TE02392,0.125857
TE00023,0.125857
TE01281,0.125857
TE00102,0.125857
TE02025,0.125857
TE01810,0.125857
TE02038,0.125857
TE02521,0.125857
TE01674,0.125857
TE00693,0.125857
TE00501,0.125857
TE00121,0.125857
TE01120,0.125857
TE02481,0.125857
TE02411,0.125857
TE01481,0.125857
TE00134,0.125857
TE00378,0.125857
TE00246,0.125857
TE00376,0.125857
TE02142,0.125857
TE02615,0.125857
TE00263,0.125857
TE01951,0.125857
TE00209,0.125857
TE02698,0.125857
TE00361,0.125857
TE01074,0.125857
TE00483,0.125857
TE02414,0.125857
TE00251,0.125857
TE01677,0.125857
TE01378,0.125857
TE02175,0.125857
TE02773,0.125857
TE02823,0.125857
TE00534,0.125857
TE00825,0.125857
TE00002,0.125857
TE00491,0.125857
TE00550,0.125857
TE02348,0.125857
TE01824,0.125857
TE02405,0.125857
TE02988,0.125857
TE02894,0.125857
TE02737,0.125857
TE01236,0.125857
TE02317,0.125857
TE01733,0.125857
TE01715,0.125857
TE01251,0.125857
TE01186,0.125857
TE00172,0.125857
TE00978,0.125857
TE00087,0.125857
TE02150,0.125857
TE00073,0.125857
TE01076,0.125857
TE01274,0.125857
TE01941,0.125857
TE02041,0.125857
TE00942,0.125857
TE00493,0.125857
TE00720,0.125857
TE01973,0.125857
TE02401,0.125857
TE00123,0.125857
TE01935,0.125857
TE01139,0.125857
TE01055,0.125857
TE00834,0.125857
TE01948,0.125857
TE00837,0.125857
TE02232,0.125857
TE02482,0.125857
TE02882,0.125857
TE01018,0.125857
TE02141,0.125857
TE02286,0.125857
TE00697,0.125857
TE01927,0.125857
TE02563,0.125857
TE02017,0.125857
TE00463,0.125857
TE02819,0.125857
TE01817,0.125857
TE01996,0.125857
TE00220,0.125857
TE01167,0.125857
TE01720,0.125857
TE00509,0.125857
TE00855,0.125857
TE01080,0.125857
TE00953,0.125857
TE00278,0.125857
TE01535,0.125857
TE02450,0.125857
TE02467,0.125857
TE00360,0.125857
TE02083,0.125857
TE02607,0.125857
TE02651,0.125857
TE01764,0.125857
TE01114,0.125857
TE00015,0.125857
TE02656,0.125857
TE01001,0.125857
TE02121,0.125857
TE00032,0.125857
TE00603,0.125857
TE02633,0.125857
TE02250,0.125857
TE00393,0.125857
TE02354,0.125857
TE01684,0.125857
TE02649,0.125857
TE00307,0.125857
TE02207,0.125857
TE00250,0.125857
TE02689,0.125857
TE02176,0.125857
TE02929,0.125857
TE01799,0.125857
TE00083,0.125857
TE00059,0.125857
TE02452,0.125857
TE01667,0.125857
TE02827,0.125857
TE02081,0.125857
TE00717,0.125857
TE02837,0.125857
TE00827,0.125857
TE02706,0.125857
TE01128,0.125857
TE02956,0.125857
TE02803,0.125857
TE00969,0.125857
TE01924,0.125857
TE00291,0.125857
TE00654,0.125857
TE00231,0.125857
TE02735,0.125857
TE01466,0.125857
TE02778,0.125857
TE02862,0.125857
TE00836,0.125857
TE01233,0.125857
TE00416,0.125857
TE00832,0.125857
TE01647,0.125857
TE00587,0.125857
TE01770,0.125857
TE02208,0.125857
TE01890,0.125857
TE01328,0.125857
TE01454,0.125857
TE00584,0.125857
TE02433,0.125857
TE00405,0.125857
TE01261,0.125857
TE02853,0.125857
TE00339,0.125857
TE01202,0.125857
TE01507,0.125857
TE00551,0.125857
TE01915,0.125857
TE01215,0.125857
TE02322,0.125857
TE02189,0.125857
TE02847,0.125857
TE00474,0.125857
TE01949,0.125857
TE00814,0.125857
TE00932,0.125857
TE00973,0.125857
TE02551,0.125857
TE01868,0.125857
TE01993,0.125857
TE01313,0.125857
TE01777,0.125857
TE02682,0.125857
TE00330,0.125857
TE00844,0.125857
TE01827,0.125857
TE00216,0.125857
TE01279,0.125857
TE00354,0.125857
TE01999,0.125857
TE01418,0.125857
TE01974,0.125857
TE02898,0.125857
TE01530,0.125857
TE02116,0.125857
TE00390,0.125857
TE01373,0.125857
TE00556,0.125857
TE00986,0.125857
TE02099,0.125857
TE02043,0.125857
TE02531,0.125857
TE01619,0.125857
TE01563,0.125857
TE00145,0.125857
TE02695,0.125857
TE00004,0.125857
TE01699,0.125857
TE02374,0.125857
TE01776,0.125857
TE01154,0.125857
TE02084,0.125857
TE00703,0.125857
TE00907,0.125857
TE00609,0.125857
TE02566,0.125857
TE00222,0.125857
TE01085,0.125857
TE02700,0.125857
TE01979,0.125857
TE01134,0.125857
TE02553,0.125857
TE01242,0.125857
TE01802,0.125857
TE02460,0.125857
TE00215,0.125857
TE01615,0.125857
TE00262,0.125857
TE00767,0.125857
TE01034,0.125857
TE00624,0.125857
TE02833,0.125857
TE01098,0.125857
TE00904,0.125857
TE02770,0.125857
TE01548,0.125857
TE02077,0.125857
TE01096,0.125857
TE02222,0.125857
TE02699,0.125857
TE01069,0.125857
TE02883,0.125857
TE01625,0.125857
TE01631,0.125857
TE01912,0.125857
TE00026,0.125857
TE02606,0.125857
TE00713,0.125857
TE02992,0.125857
TE00646,0.125857
TE00683,0.125857
TE02550,0.125857
TE01599,0.125857
TE02895,0.125857
TE00309,0.125857
TE02432,0.125857
TE01511,0.125857
TE02973,0.125857
TE00240,0.125857
TE02247,0.125857
TE01694,0.125857
TE00847,0.125857
TE00058,0.125857
TE02962,0.125857
TE02363,0.125857
TE02634,0.125857
TE02060,0.125857
TE01166,0.125857
TE02156,0.125857
TE00031,0.125857
TE00295,0.125857
TE01304,0.125857
TE02885,0.125857
TE02276,0.125857
TE01673,0.125857
TE02424,0.125857
TE02336,0.125857
TE01350,0.125857
TE02057,0.125857
TE00920,0.125857
TE02225,0.125857
TE01264,0.125857
TE02324,0.125857
TE01640,0.125857
TE01882,0.125857
TE00709,0.125857
TE01889,0.125857
TE01851,0.125857
TE00826,0.125857
TE01153,0.125857
TE02580,0.125857
TE01365,0.125857
TE01321,0.125857
TE00436,0.125857
TE00061,0.125857
TE01017,0.125857
TE00382,0.125857
TE01867,0.125857
TE01479,0.125857
TE00601,0.125857
TE02964,0.125857
TE01181,0.125857
TE02026,0.125857
TE00253,0.125857
TE01190,0.125857
TE00060,0.125857
TE02353,0.125857
TE01624,0.125857
TE02547,0.125857
TE02905,0.125857
TE01241,0.125857
TE02880,0.125857
TE00252,0.125857
TE00071,0.125857
TE02349,0.125857
TE02262,0.125857
TE00199,0.125857
TE02994,0.125857
TE01990,0.125857
TE00976,0.125857
TE00128,0.125857
TE02117,0.125857
TE02760,0.125857
TE02990,0.125857
TE01778,0.125857
TE02061,0.125857
TE00414,0.125857
TE01602,0.125857
TE02310,0.125857
TE00185,0.125857
TE00664,0.125857
TE01938,0.125857
TE02928,0.125857
TE00831,0.125857
TE00221,0.125857
TE00820,0.125857
TE02596,0.125857
TE02807,0.125857
TE00426,0.125857
TE01976,0.125857
TE02943,0.125857
TE00279,0.125857
TE02183,0.125857
TE02914,0.125857
TE00723,0.125857
TE01656,0.125857
TE01346,0.125857
TE01138,0.125857
TE02356,0.125857
TE01750,0.125857
TE01696,0.125857
TE01359,0.125857
TE00016,0.125857
TE02379,0.125857
TE00274,0.125857
TE01062,0.125857
TE00729,0.125857
TE02676,0.125857
TE02594,0.125857
TE01645,0.125857
TE00210,0.125857
TE01614,0.125857
TE02252,0.125857
TE00632,0.125857
TE00325,0.125857
TE02618,0.125857
TE00287,0.125857
TE01559,0.125857
TE01362,0.125857
TE02645,0.125857
TE00304,0.125857
TE00757,0.125857
TE00643,0.125857
TE01734,0.125857
TE02942,0.125857
TE01523,0.125857
TE00546,0.125857
TE00219,0.125857
TE01176,0.125857
TE00669,0.125857
TE01247,0.125857
TE02893,0.125857
TE02098,0.125857
TE01140,0.125857
TE02790,0.125857
TE02039,0.125857
TE00417,0.125857
TE02567,0.125857
TE01907,0.125857
TE01007,0.125857
TE00293,0.125857
TE02512,0.125857
TE01431,0.125857
TE00368,0.125857
TE00638,0.125857
TE00268,0.125857
TE01031,0.125857
TE00663,0.125857
TE00301,0.125857
TE02173,0.125857
TE02382,0.125857
TE01881,0.125857
TE00634,0.125857
TE00386,0.125857
TE00724,0.125857
TE02062,0.125857
TE02031,0.125857
TE01975,0.125857
TE01648,0.125857
TE02843,0.125857
TE02869,0.125857
TE00573,0.125857
TE02733,0.125857
TE02086,0.125857
TE02683,0.125857
TE01339,0.125857
TE01887,0.125857
TE01002,0.125857
TE00447,0.125857
TE01823,0.125857
TE00977,0.125857
TE01758,0.125857
TE00600,0.125857
TE00704,0.125857
TE00130,0.125857
TE01042,0.125857
TE02192,0.125857
TE01786,0.125857
TE00191,0.125857
TE00620,0.125857
TE01504,0.125857
TE01494,0.125857
TE00865,0.125857
TE00365,0.125857
TE00686,0.125857
TE01039,0.125857
TE02339,0.125857
TE02016,0.125857
TE02367,0.125857
TE02539,0.125857
TE02616,0.125857
TE02407,0.125857
TE01081,0.125857
TE00956,0.125857
TE00114,0.125857
TE02806,0.125857
TE02940,0.125857
TE02687,0.125857
TE00205,0.125857
TE02830,0.125857
TE01988,0.125857
TE00786,0.125857
TE02463,0.125857
TE02300,0.125857
TE00315,0.125857
TE00653,0.125857
TE02842,0.125857
TE02146,0.125857
TE01299,0.125857
TE00777,0.125857
TE00116,0.125857
TE02948,0.125857
TE02977,0.125857
TE01679,0.125857
TE01151,0.125857
TE00275,0.125857
TE02052,0.125857
TE02390,0.125857
TE02991,0.125857
TE00598,0.125857
TE02809,0.125857
TE00239,0.125857
TE00465,0.125857
TE02277,0.125857
TE00763,0.125857
TE01290,0.125857
TE00225,0.125857
TE02347,0.125857
TE02258,0.125857
TE02036,0.125857
TE00741,0.125857
TE01341,0.125857
TE00153,0.125857
TE01010,0.125857
TE02162,0.125857
TE00752,0.125857
TE01724,0.125857
TE01041,0.125857
TE01704,0.125857
TE02797,0.125857
TE00046,0.125857
TE02233,0.125857
TE00881,0.125857
TE02271,0.125857
TE01845,0.125857
TE02528,0.125857
TE01231,0.125857
TE00822,0.125857
TE02641,0.125857
TE00895,0.125857
TE02035,0.125857
TE00513,0.125857
TE00647,0.125857
TE00877,0.125857
TE01142,0.125857
TE02561,0.125857
TE00835,0.125857
TE02009,0.125857
TE00754,0.125857
TE01532,0.125857
TE01573,0.125857
TE01179,0.125857
TE01356,0.125857
TE00701,0.125857
TE01204,0.125857
TE01629,0.125857
TE00197,0.125857
TE02815,0.125857
TE01968,0.125857
TE00310,0.125857
TE01745,0.125857
TE01800,0.125857
TE00845,0.125857
TE02801,0.125857
TE02426,0.125857
TE02242,0.125857
TE01870,0.125857
TE00486,0.125857
TE01438,0.125857
TE01850,0.125857
TE00193,0.125857
TE00348,0.125857
TE02932,0.125857
TE02430,0.125857
TE01323,0.125857
TE00384,0.125857
TE02888,0.125857
TE01376,0.125857
TE00721,0.125857
TE01834,0.125857
TE02102,0.125857
TE02568,0.125857
TE01103,0.125857
TE01398,0.125857
TE02661,0.125857
TE00996,0.125857
TE00604,0.125857
TE01919,0.125857
TE02007,0.125857
TE01905,0.125857
TE02798,0.125857
TE01642,0.125857
TE02293,0.125857
TE02527,0.125857
TE02554,0.125857
TE02165,0.125857
TE01125,0.125857
TE01804,0.125857
TE01982,0.125857
TE00666,0.125857
TE00692,0.125857
TE02351,0.125857
TE02804,0.125857
TE01473,0.125857
TE00671,0.125857
TE01193,0.125857
TE01112,0.125857
TE02663,0.125857
TE00589,0.125857
TE00878,0.125857
TE02968,0.125857
TE02095,0.125857
TE01570,0.125857
TE00149,0.125857
TE02569,0.125857
TE01492,0.125857
TE02729,0.125857
TE00460,0.125857
TE00504,0.125857
TE02811,0.125857
TE02004,0.125857
TE02922,0.125857
TE02693,0.125857
TE02949,0.125857
TE02010,0.125857
TE02852,0.125857
TE00518,0.125857
TE02875,0.125857
TE01082,0.125857
TE02642,0.125857
TE01509,0.125857
TE00311,0.125857
TE00097,0.125857
TE02448,0.125857
TE02298,0.125857
TE01918,0.125857
TE00958,0.125857
TE00464,0.125857
TE01160,0.125857
